p,f,s,n,t,p,f,c,n,w,e,e,s,s,w,w,p,w,o,p,k,s,u
e,x,f,n,t,n,f,c,b,p,t,b,s,s,p,g,p,w,o,p,n,y,d
p,f,y,w,t,p,f,c,n,n,e,e,s,s,w,w,p,w,o,p,k,s,u
e,f,s,w,f,n,f,w,b,h,t,e,s,s,w,w,p,w,o,e,n,s,g
p,f,s,w,t,p,f,c,n,n,e,e,s,s,w,w,p,w,o,p,n,s,u
e,f,s,g,f,n,f,w,b,h,t,e,s,s,w,w,p,w,o,e,k,s,g
p,x,s,w,t,p,f,c,n,p,e,e,s,s,w,w,p,w,o,p,n,s,g
e,x,s,g,f,n,f,w,b,p,t,e,f,f,w,w,p,w,o,e,k,a,g
p,x,s,w,t,p,f,c,n,p,e,e,s,s,w,w,p,w,o,p,n,s,u
e,x,s,g,f,n,f,w,b,p,t,e,f,f,w,w,p,w,o,e,n,s,g
p,f,y,w,t,p,f,c,n,w,e,e,s,s,w,w,p,w,o,p,n,v,g
e,x,f,w,f,n,f,w,b,n,t,e,s,s,w,w,p,w,o,e,k,a,g
p,f,s,n,t,p,f,c,n,k,e,e,s,s,w,w,p,w,o,p,k,s,u
e,f,f,g,f,n,f,w,b,k,t,e,f,s,w,w,p,w,o,e,k,s,g
p,f,s,n,t,p,f,c,n,w,e,e,s,s,w,w,p,w,o,p,n,s,u
e,x,s,n,f,n,f,w,b,h,t,e,s,f,w,w,p,w,o,e,n,a,g
p,f,y,n,t,p,f,c,n,p,e,e,s,s,w,w,p,w,o,p,k,s,g
e,x,s,w,f,n,f,w,b,h,t,e,s,s,w,w,p,w,o,e,n,a,g
p,f,s,n,t,p,f,c,n,k,e,e,s,s,w,w,p,w,o,p,k,v,u
e,f,s,n,f,n,f,w,b,n,t,e,s,f,w,w,p,w,o,e,n,a,g
p,x,y,n,t,p,f,c,n,p,e,e,s,s,w,w,p,w,o,p,k,v,g
e,f,f,g,f,n,f,w,b,n,t,e,s,f,w,w,p,w,o,e,k,a,g
p,f,y,n,t,p,f,c,n,n,e,e,s,s,w,w,p,w,o,p,k,s,g
e,f,f,w,f,n,f,w,b,n,t,e,s,s,w,w,p,w,o,e,k,a,g
p,f,s,n,t,p,f,c,n,w,e,e,s,s,w,w,p,w,o,p,n,v,u
e,f,s,g,f,n,f,w,b,h,t,e,s,f,w,w,p,w,o,e,k,s,g
p,x,s,w,t,p,f,c,n,w,e,e,s,s,w,w,p,w,o,p,n,v,u
e,x,f,n,t,n,f,c,b,p,t,b,s,s,g,g,p,w,o,p,n,v,d
p,f,s,w,t,p,f,c,n,p,e,e,s,s,w,w,p,w,o,p,k,s,u
e,x,f,n,t,n,f,c,b,u,t,b,s,s,w,g,p,w,o,p,k,v,d
p,f,y,w,t,p,f,c,n,k,e,e,s,s,w,w,p,w,o,p,n,v,u
e,x,f,n,f,n,f,w,b,h,t,e,f,s,w,w,p,w,o,e,n,s,g
p,f,s,n,t,p,f,c,n,k,e,e,s,s,w,w,p,w,o,p,n,s,u
e,f,f,w,f,n,f,w,b,h,t,e,s,f,w,w,p,w,o,e,n,a,g
p,f,s,w,t,p,f,c,n,p,e,e,s,s,w,w,p,w,o,p,n,v,g
e,f,s,g,f,n,f,w,b,p,t,e,f,f,w,w,p,w,o,e,n,a,g
p,x,y,n,t,p,f,c,n,k,e,e,s,s,w,w,p,w,o,p,k,s,g
e,x,f,w,f,n,f,w,b,k,t,e,s,f,w,w,p,w,o,e,n,s,g
p,x,s,w,t,p,f,c,n,w,e,e,s,s,w,w,p,w,o,p,k,s,u
e,x,y,g,t,n,f,c,b,n,t,b,s,s,p,g,p,w,o,p,n,v,d
p,f,s,w,t,p,f,c,n,w,e,e,s,s,w,w,p,w,o,p,k,v,u
e,x,y,y,t,l,f,c,b,g,e,c,s,s,w,w,p,w,o,p,n,s,g
p,f,y,w,t,p,f,c,n,n,e,e,s,s,w,w,p,w,o,p,k,v,g
e,f,s,w,f,n,f,w,b,p,t,e,f,f,w,w,p,w,o,e,k,s,g
p,f,y,n,t,p,f,c,n,w,e,e,s,s,w,w,p,w,o,p,k,s,g
e,x,f,n,t,n,f,c,b,n,t,b,s,s,p,w,p,w,o,p,k,y,d
p,f,y,n,t,p,f,c,n,n,e,e,s,s,w,w,p,w,o,p,n,v,u
e,f,f,g,f,n,f,w,b,k,t,e,s,s,w,w,p,w,o,e,k,s,g
p,f,y,w,t,p,f,c,n,k,e,e,s,s,w,w,p,w,o,p,k,v,g
e,x,s,n,f,n,f,w,b,k,t,e,s,f,w,w,p,w,o,e,k,a,g
p,x,s,n,t,p,f,c,n,n,e,e,s,s,w,w,p,w,o,p,k,v,u
e,f,s,g,f,n,f,w,b,n,t,e,f,f,w,w,p,w,o,e,k,a,g
p,f,s,n,t,p,f,c,n,n,e,e,s,s,w,w,p,w,o,p,k,v,g
e,x,f,n,f,n,f,w,b,p,t,e,s,s,w,w,p,w,o,e,n,a,g
p,f,s,w,t,p,f,c,n,p,e,e,s,s,w,w,p,w,o,p,n,v,u
e,x,f,w,f,n,f,w,b,h,t,e,s,f,w,w,p,w,o,e,k,a,g
p,f,s,w,t,p,f,c,n,w,e,e,s,s,w,w,p,w,o,p,n,s,g
e,x,f,w,f,n,f,w,b,p,t,e,s,s,w,w,p,w,o,e,n,a,g
p,f,y,n,t,p,f,c,n,w,e,e,s,s,w,w,p,w,o,p,n,s,u
e,f,s,w,f,n,f,w,b,n,t,e,s,f,w,w,p,w,o,e,n,s,g
p,f,y,n,t,p,f,c,n,n,e,e,s,s,w,w,p,w,o,p,n,s,g
e,f,f,n,f,n,f,w,b,h,t,e,f,s,w,w,p,w,o,e,k,s,g
p,x,s,w,t,p,f,c,n,n,e,e,s,s,w,w,p,w,o,p,n,s,u
e,f,s,g,f,n,f,w,b,n,t,e,s,f,w,w,p,w,o,e,n,a,g
p,f,s,n,t,p,f,c,n,n,e,e,s,s,w,w,p,w,o,p,n,s,u
e,x,s,n,f,n,f,w,b,p,t,e,s,s,w,w,p,w,o,e,k,a,g
p,f,s,w,t,p,f,c,n,w,e,e,s,s,w,w,p,w,o,p,k,s,g
e,b,s,y,t,a,f,c,b,k,e,c,s,s,w,w,p,w,o,p,n,s,g
p,f,y,n,t,p,f,c,n,n,e,e,s,s,w,w,p,w,o,p,k,s,u
e,x,s,g,f,n,f,w,b,h,t,e,f,f,w,w,p,w,o,e,k,a,g
p,f,s,w,t,p,f,c,n,n,e,e,s,s,w,w,p,w,o,p,n,v,u
e,f,s,w,f,n,f,w,b,k,t,e,f,f,w,w,p,w,o,e,k,a,g
p,f,y,n,t,p,f,c,n,k,e,e,s,s,w,w,p,w,o,p,k,v,g
e,x,f,w,f,n,f,w,b,p,t,e,s,f,w,w,p,w,o,e,n,s,g
p,f,y,w,t,p,f,c,n,k,e,e,s,s,w,w,p,w,o,p,k,v,u
e,f,s,g,f,n,f,w,b,p,t,e,s,f,w,w,p,w,o,e,k,a,g
p,f,s,n,t,p,f,c,n,n,e,e,s,s,w,w,p,w,o,p,n,s,g
e,f,f,n,t,n,f,c,b,n,t,b,s,s,g,w,p,w,o,p,k,v,d
p,x,s,n,t,p,f,c,n,n,e,e,s,s,w,w,p,w,o,p,k,v,g
e,x,s,w,t,a,f,c,b,n,e,c,s,s,w,w,p,w,o,p,n,s,g
p,x,f,g,f,f,f,c,b,h,e,b,k,k,n,b,p,w,o,l,h,y,g
e,f,s,n,f,n,f,w,b,k,t,e,f,s,w,w,p,w,o,e,n,a,g
p,x,s,w,t,p,f,c,n,p,e,e,s,s,w,w,p,w,o,p,k,v,u
e,f,f,n,t,n,f,c,b,p,t,b,s,s,p,g,p,w,o,p,n,y,d
p,f,y,n,t,p,f,c,n,k,e,e,s,s,w,w,p,w,o,p,n,s,u
e,x,y,e,t,n,f,c,b,p,t,b,s,s,p,g,p,w,o,p,k,v,d
p,f,s,w,t,p,f,c,n,w,e,e,s,s,w,w,p,w,o,p,n,v,g
e,x,s,w,f,n,f,w,b,h,t,e,f,f,w,w,p,w,o,e,k,s,g
p,f,y,w,t,p,f,c,n,n,e,e,s,s,w,w,p,w,o,p,k,s,g
e,f,f,g,t,n,f,c,b,n,t,b,s,s,g,g,p,w,o,p,k,v,d
p,f,y,w,t,p,f,c,n,w,e,e,s,s,w,w,p,w,o,p,k,v,u
e,f,s,n,f,n,f,w,b,h,t,e,f,f,w,w,p,w,o,e,k,a,g
p,f,y,w,t,p,f,c,n,w,e,e,s,s,w,w,p,w,o,p,k,s,u
e,b,s,w,t,a,f,c,b,k,e,c,s,s,w,w,p,w,o,p,n,s,g
p,f,s,w,t,p,f,c,n,k,e,e,s,s,w,w,p,w,o,p,n,v,u
e,f,f,n,f,n,f,w,b,p,t,e,f,f,w,w,p,w,o,e,n,s,g
p,x,s,w,t,p,f,c,n,p,e,e,s,s,w,w,p,w,o,p,k,v,g
e,x,f,n,f,n,f,w,b,k,t,e,s,s,w,w,p,w,o,e,k,s,g
p,f,y,n,t,p,f,c,n,w,e,e,s,s,w,w,p,w,o,p,n,s,g
e,x,f,g,t,n,f,c,b,u,t,b,s,s,w,g,p,w,o,p,k,y,d
p,x,s,n,t,p,f,c,n,w,e,e,s,s,w,w,p,w,o,p,k,v,u
e,x,f,n,t,n,f,c,b,p,t,b,s,s,w,w,p,w,o,p,k,y,d
p,f,y,w,t,p,f,c,n,n,e,e,s,s,w,w,p,w,o,p,n,s,g
e,x,f,n,t,n,f,c,b,n,t,b,s,s,p,g,p,w,o,p,n,v,d
p,f,y,w,t,p,f,c,n,n,e,e,s,s,w,w,p,w,o,p,n,s,u
e,x,f,e,t,n,f,c,b,w,t,b,s,s,w,p,p,w,o,p,n,v,d
p,f,s,n,t,p,f,c,n,n,e,e,s,s,w,w,p,w,o,p,k,s,u
e,x,f,g,t,n,f,c,b,p,t,b,s,s,p,p,p,w,o,p,n,v,d
p,f,y,w,t,p,f,c,n,w,e,e,s,s,w,w,p,w,o,p,n,v,u
e,x,y,y,t,l,f,c,b,n,e,r,s,y,w,w,p,w,o,p,n,s,g
p,f,s,n,t,p,f,c,n,p,e,e,s,s,w,w,p,w,o,p,k,s,g
e,f,f,w,f,n,f,w,b,h,t,e,f,s,w,w,p,w,o,e,n,s,g
p,f,s,n,t,p,f,c,n,w,e,e,s,s,w,w,p,w,o,p,n,v,g
e,x,s,n,f,n,f,w,b,k,t,e,f,f,w,w,p,w,o,e,n,a,g
p,f,y,n,t,p,f,c,n,n,e,e,s,s,w,w,p,w,o,p,n,v,g
e,f,f,g,f,n,f,w,b,p,t,e,f,s,w,w,p,w,o,e,n,s,g
p,f,s,n,t,p,f,c,n,n,e,e,s,s,w,w,p,w,o,p,k,v,u
e,f,s,g,f,n,f,w,b,p,t,e,s,s,w,w,p,w,o,e,n,a,g
p,x,s,w,t,p,f,c,n,p,e,e,s,s,w,w,p,w,o,p,n,v,u
e,x,s,y,t,l,f,c,b,k,e,c,s,s,w,w,p,w,o,p,k,n,m
p,f,y,n,t,p,f,c,n,p,e,e,s,s,w,w,p,w,o,p,k,s,u
e,x,y,g,t,n,f,c,b,p,t,b,s,s,g,g,p,w,o,p,k,v,d
p,x,s,w,t,p,f,c,n,n,e,e,s,s,w,w,p,w,o,p,k,s,g
e,x,s,n,f,n,f,w,b,k,t,e,s,s,w,w,p,w,o,e,n,a,g
p,x,s,w,t,p,f,c,n,w,e,e,s,s,w,w,p,w,o,p,n,v,g
e,x,f,e,t,n,f,c,b,n,t,b,s,s,p,g,p,w,o,p,n,v,d
p,x,f,g,f,f,f,c,b,p,e,b,k,k,b,b,p,w,o,l,h,y,g
e,x,f,e,t,n,f,c,b,n,t,b,s,s,p,w,p,w,o,p,k,v,d
p,f,s,n,t,p,f,c,n,n,e,e,s,s,w,w,p,w,o,p,n,v,u
e,f,f,e,t,n,f,c,b,u,t,b,s,s,w,w,p,w,o,p,n,y,d
p,x,s,w,t,p,f,c,n,w,e,e,s,s,w,w,p,w,o,p,k,s,g
e,x,f,e,t,n,f,c,b,u,t,b,s,s,g,p,p,w,o,p,k,y,d
p,x,f,g,f,f,f,c,b,p,e,b,k,k,n,p,p,w,o,l,h,y,d
e,x,y,g,t,n,f,c,b,u,t,b,s,s,p,w,p,w,o,p,k,y,d
p,x,s,p,f,c,f,w,n,g,e,b,s,s,w,w,p,w,o,p,n,s,d
e,x,y,n,t,n,f,c,b,p,t,b,s,s,g,p,p,w,o,p,n,y,d
p,x,f,g,f,f,f,c,b,g,e,b,k,k,b,p,p,w,o,l,h,y,p
e,x,f,e,t,n,f,c,b,p,t,b,s,s,g,w,p,w,o,p,k,y,d
p,f,s,w,t,p,f,c,n,w,e,e,s,s,w,w,p,w,o,p,k,v,g
e,f,y,n,t,n,f,c,b,u,t,b,s,s,w,w,p,w,o,p,k,y,d
p,x,s,p,f,c,f,w,n,n,e,b,s,s,w,w,p,w,o,p,k,v,d
e,f,y,g,t,n,f,c,b,w,t,b,s,s,g,w,p,w,o,p,k,y,d
p,f,s,n,t,p,f,c,n,p,e,e,s,s,w,w,p,w,o,p,k,s,u
e,x,y,n,t,n,f,c,b,u,t,b,s,s,w,g,p,w,o,p,k,y,d
p,f,y,w,t,p,f,c,n,w,e,e,s,s,w,w,p,w,o,p,n,s,u
e,x,y,g,t,n,f,c,b,n,t,b,s,s,w,g,p,w,o,p,k,v,d
p,f,s,w,t,p,f,c,n,w,e,e,s,s,w,w,p,w,o,p,n,v,u
e,x,f,g,t,n,f,c,b,w,t,b,s,s,g,g,p,w,o,p,k,v,d
p,x,f,g,f,f,f,c,b,h,e,b,k,k,n,n,p,w,o,l,h,y,d
e,x,y,e,t,n,f,c,b,w,t,b,s,s,g,g,p,w,o,p,k,y,d
p,x,s,w,t,p,f,c,n,n,e,e,s,s,w,w,p,w,o,p,n,v,g
e,x,y,g,t,n,f,c,b,p,t,b,s,s,p,p,p,w,o,p,n,y,d
p,x,s,w,t,p,f,c,n,n,e,e,s,s,w,w,p,w,o,p,k,v,g
e,f,f,g,t,n,f,c,b,n,t,b,s,s,w,w,p,w,o,p,k,v,d
p,x,s,p,f,c,f,c,n,g,e,b,s,s,w,w,p,w,o,p,k,v,d
e,x,f,e,t,n,f,c,b,u,t,b,s,s,p,p,p,w,o,p,n,y,d
p,x,f,g,f,f,f,c,b,h,e,b,k,k,b,b,p,w,o,l,h,y,g
e,x,y,n,t,n,f,c,b,u,t,b,s,s,w,p,p,w,o,p,k,v,d
p,f,y,n,t,p,f,c,n,k,e,e,s,s,w,w,p,w,o,p,k,s,u
e,x,s,g,f,n,f,w,b,n,t,e,f,s,w,w,p,w,o,e,n,s,g
p,x,s,p,f,c,f,w,n,u,e,b,s,s,w,w,p,w,o,p,n,s,d
e,x,y,n,t,n,f,c,b,w,t,b,s,s,p,p,p,w,o,p,k,y,d
p,f,y,w,t,p,f,c,n,p,e,e,s,s,w,w,p,w,o,p,n,v,u
e,f,f,n,t,n,f,c,b,u,t,b,s,s,w,w,p,w,o,p,n,y,d
p,x,s,w,f,c,f,w,n,p,e,b,s,s,w,w,p,w,o,p,n,s,d
e,f,f,n,t,n,f,c,b,u,t,b,s,s,p,p,p,w,o,p,k,y,d
p,x,f,g,f,f,f,c,b,g,e,b,k,k,n,b,p,w,o,l,h,y,p
e,f,f,g,t,n,f,c,b,u,t,b,s,s,p,p,p,w,o,p,k,v,d
p,x,f,g,f,f,f,c,b,h,e,b,k,k,p,b,p,w,o,l,h,v,d
e,x,y,e,t,n,f,c,b,n,t,b,s,s,w,w,p,w,o,p,k,v,d
p,x,f,g,f,f,f,c,b,h,e,b,k,k,b,n,p,w,o,l,h,y,d
e,x,f,g,t,n,f,c,b,u,t,b,s,s,w,w,p,w,o,p,k,v,d
p,x,f,w,f,c,f,c,n,g,e,b,s,s,w,w,p,w,o,p,k,v,d
e,f,f,n,t,n,f,c,b,u,t,b,s,s,w,p,p,w,o,p,k,y,d
p,x,f,g,f,f,f,c,b,p,e,b,k,k,b,p,p,w,o,l,h,y,d
e,x,y,e,t,n,f,c,b,n,t,b,s,s,w,p,p,w,o,p,k,y,d
p,x,f,g,f,f,f,c,b,p,e,b,k,k,b,p,p,w,o,l,h,v,g
e,x,y,n,t,n,f,c,b,w,t,b,s,s,w,g,p,w,o,p,n,y,d
p,x,f,g,f,f,f,c,b,g,e,b,k,k,b,n,p,w,o,l,h,v,p
e,x,f,g,t,n,f,c,b,n,t,b,s,s,w,w,p,w,o,p,k,y,d
p,x,f,g,f,f,f,c,b,g,e,b,k,k,p,n,p,w,o,l,h,v,p
e,x,f,e,t,n,f,c,b,p,t,b,s,s,p,w,p,w,o,p,n,v,d
p,x,f,g,f,c,f,c,n,g,e,b,s,s,w,w,p,w,o,p,n,v,d
e,f,f,g,t,n,f,c,b,n,t,b,s,s,p,p,p,w,o,p,n,v,d
p,x,f,p,f,c,f,c,n,p,e,b,s,s,w,w,p,w,o,p,n,v,d
e,x,f,e,t,n,f,c,b,p,t,b,s,s,w,w,p,w,o,p,k,y,d
p,x,f,g,f,f,f,c,b,h,e,b,k,k,b,p,p,w,o,l,h,y,g
e,x,y,e,t,n,f,c,b,w,t,b,s,s,w,w,p,w,o,p,n,v,d
p,x,f,g,f,c,f,c,n,p,e,b,s,s,w,w,p,w,o,p,k,v,d
e,x,y,n,t,n,f,c,b,n,t,b,s,s,p,w,p,w,o,p,n,y,d
p,x,f,g,f,f,f,c,b,g,e,b,k,k,b,p,p,w,o,l,h,v,d
e,f,f,n,t,n,f,c,b,w,t,b,s,s,p,w,p,w,o,p,n,v,d
p,x,f,g,f,f,f,c,b,g,e,b,k,k,b,p,p,w,o,l,h,y,d
e,f,f,n,t,n,f,c,b,u,t,b,s,s,w,w,p,w,o,p,n,v,d
p,x,f,w,f,c,f,w,n,g,e,b,s,s,w,w,p,w,o,p,n,s,d
e,x,y,e,t,n,f,c,b,p,t,b,s,s,p,p,p,w,o,p,n,y,d
p,x,f,p,f,c,f,w,n,u,e,b,s,s,w,w,p,w,o,p,k,v,d
e,x,y,n,t,n,f,c,b,p,t,b,s,s,g,g,p,w,o,p,n,y,d
p,x,s,p,f,c,f,w,n,u,e,b,s,s,w,w,p,w,o,p,k,s,d
e,f,y,n,t,n,f,c,b,w,t,b,s,s,p,p,p,w,o,p,k,v,d
p,x,s,g,f,c,f,c,n,n,e,b,s,s,w,w,p,w,o,p,k,v,d
e,f,y,e,t,n,f,c,b,w,t,b,s,s,p,p,p,w,o,p,k,v,d
p,x,f,w,f,c,f,w,n,u,e,b,s,s,w,w,p,w,o,p,n,v,d
e,x,y,e,t,n,f,c,b,p,t,b,s,s,g,p,p,w,o,p,k,v,d
p,x,f,g,f,f,f,c,b,h,e,b,k,k,n,p,p,w,o,l,h,y,p
e,x,y,g,t,n,f,c,b,n,t,b,s,s,w,w,p,w,o,p,n,y,d
p,x,f,g,f,f,f,c,b,g,e,b,k,k,b,n,p,w,o,l,h,y,p
e,x,f,g,t,n,f,c,b,p,t,b,s,s,w,g,p,w,o,p,k,v,d
p,x,f,g,f,f,f,c,b,h,e,b,k,k,p,b,p,w,o,l,h,v,p
e,x,f,n,t,n,f,c,b,u,t,b,s,s,p,w,p,w,o,p,n,y,d
p,x,f,g,f,f,f,c,b,h,e,b,k,k,b,n,p,w,o,l,h,v,d
e,x,f,n,t,n,f,c,b,w,t,b,s,s,w,w,p,w,o,p,k,v,d
p,x,y,y,f,f,f,c,b,h,e,b,k,k,b,n,p,w,o,l,h,v,p
e,f,y,n,t,n,f,c,b,u,t,b,s,s,g,g,p,w,o,p,n,y,d
p,x,f,g,f,f,f,c,b,p,e,b,k,k,b,n,p,w,o,l,h,y,d
e,f,f,g,t,n,f,c,b,u,t,b,s,s,p,p,p,w,o,p,n,y,d
p,x,f,g,f,f,f,c,b,h,e,b,k,k,p,p,p,w,o,l,h,y,p
e,f,f,g,t,n,f,c,b,w,t,b,s,s,w,w,p,w,o,p,n,v,d
p,x,f,w,f,c,f,c,n,p,e,b,s,s,w,w,p,w,o,p,n,s,d
e,x,f,e,t,n,f,c,b,u,t,b,s,s,p,g,p,w,o,p,n,y,d
p,x,f,g,f,f,f,c,b,g,e,b,k,k,p,n,p,w,o,l,h,v,g
e,f,y,e,t,n,f,c,b,p,t,b,s,s,g,w,p,w,o,p,n,v,d
p,x,f,p,f,c,f,w,n,u,e,b,s,s,w,w,p,w,o,p,k,s,d
e,f,f,e,t,n,f,c,b,p,t,b,s,s,w,p,p,w,o,p,n,y,d
p,f,f,g,f,f,f,c,b,h,e,b,k,k,b,p,p,w,o,l,h,v,p
e,f,y,n,t,n,f,c,b,w,t,b,s,s,g,p,p,w,o,p,n,y,d
p,x,f,g,f,c,f,c,n,p,e,b,s,s,w,w,p,w,o,p,n,s,d
e,f,f,e,t,n,f,c,b,p,t,b,s,s,g,p,p,w,o,p,k,y,d
p,x,y,y,f,f,f,c,b,p,e,b,k,k,b,p,p,w,o,l,h,v,g
e,f,y,n,t,n,f,c,b,u,t,b,s,s,p,g,p,w,o,p,k,v,d
p,x,s,p,f,c,f,w,n,n,e,b,s,s,w,w,p,w,o,p,n,v,d
e,f,y,n,t,n,f,c,b,p,t,b,s,s,p,w,p,w,o,p,k,y,d
p,x,s,w,f,c,f,c,n,p,e,b,s,s,w,w,p,w,o,p,k,v,d
e,f,f,g,t,n,f,c,b,w,t,b,s,s,w,g,p,w,o,p,n,v,d
p,x,s,g,f,c,f,c,n,u,e,b,s,s,w,w,p,w,o,p,n,s,d
e,f,y,e,t,n,f,c,b,u,t,b,s,s,g,g,p,w,o,p,k,y,d
p,x,f,g,f,f,f,c,b,p,e,b,k,k,p,n,p,w,o,l,h,y,d
e,f,y,n,t,n,f,c,b,n,t,b,s,s,p,p,p,w,o,p,n,v,d
p,x,y,y,f,f,f,c,b,g,e,b,k,k,n,b,p,w,o,l,h,y,p
e,f,y,g,t,n,f,c,b,u,t,b,s,s,p,g,p,w,o,p,n,v,d
p,x,s,w,f,c,f,c,n,p,e,b,s,s,w,w,p,w,o,p,n,s,d
e,f,y,g,t,n,f,c,b,u,t,b,s,s,w,w,p,w,o,p,k,v,d
p,x,f,g,f,f,f,c,b,p,e,b,k,k,n,p,p,w,o,l,h,v,p
e,f,y,n,t,n,f,c,b,p,t,b,s,s,w,g,p,w,o,p,n,y,d
p,f,f,g,f,f,f,c,b,h,e,b,k,k,p,b,p,w,o,l,h,y,p
e,f,f,e,t,n,f,c,b,n,t,b,s,s,w,g,p,w,o,p,n,y,d
p,f,f,g,f,f,f,c,b,g,e,b,k,k,p,b,p,w,o,l,h,v,p
e,f,y,g,t,n,f,c,b,u,t,b,s,s,p,w,p,w,o,p,k,v,d
p,x,f,g,f,f,f,c,b,g,e,b,k,k,p,p,p,w,o,l,h,v,p
e,f,f,e,t,n,f,c,b,p,t,b,s,s,w,w,p,w,o,p,n,v,d
p,x,f,g,f,f,f,c,b,p,e,b,k,k,n,p,p,w,o,l,h,v,g
e,f,y,e,t,n,f,c,b,u,t,b,s,s,g,w,p,w,o,p,k,y,d
p,x,f,g,f,f,f,c,b,h,e,b,k,k,p,b,p,w,o,l,h,y,d
e,f,y,e,t,n,f,c,b,w,t,b,s,s,w,g,p,w,o,p,n,y,d
p,x,f,g,f,f,f,c,b,h,e,b,k,k,b,n,p,w,o,l,h,y,g
e,f,y,e,t,n,f,c,b,u,t,b,s,s,g,g,p,w,o,p,n,y,d
p,x,f,g,f,f,f,c,b,p,e,b,k,k,n,b,p,w,o,l,h,v,g
e,f,f,e,t,n,f,c,b,u,t,b,s,s,p,p,p,w,o,p,n,v,d
p,x,s,g,f,c,f,w,n,g,e,b,s,s,w,w,p,w,o,p,n,v,d
e,f,y,g,t,n,f,c,b,w,t,b,s,s,p,g,p,w,o,p,k,v,d
p,x,s,p,f,c,f,c,n,p,e,b,s,s,w,w,p,w,o,p,n,s,d
e,f,f,e,t,n,f,c,b,n,t,b,s,s,g,g,p,w,o,p,n,y,d
p,x,f,g,f,f,f,c,b,p,e,b,k,k,b,p,p,w,o,l,h,y,g
e,f,f,e,t,n,f,c,b,u,t,b,s,s,g,p,p,w,o,p,k,v,d
p,x,f,g,f,f,f,c,b,p,e,b,k,k,p,b,p,w,o,l,h,v,g
e,f,f,g,t,n,f,c,b,w,t,b,s,s,w,p,p,w,o,p,k,y,d
p,x,s,g,f,c,f,c,n,u,e,b,s,s,w,w,p,w,o,p,k,v,d
e,f,f,g,t,n,f,c,b,u,t,b,s,s,p,g,p,w,o,p,k,y,d
p,x,f,g,f,f,f,c,b,p,e,b,k,k,n,b,p,w,o,l,h,y,d
e,x,y,e,t,n,f,c,b,n,t,b,s,s,w,g,p,w,o,p,k,v,d
p,x,s,w,f,c,f,w,n,p,e,b,s,s,w,w,p,w,o,p,k,s,d
e,f,y,g,t,n,f,c,b,n,t,b,s,s,p,p,p,w,o,p,n,y,d
p,x,f,y,f,f,f,c,b,g,e,b,k,k,n,n,p,w,o,l,h,v,p
e,f,y,g,t,n,f,c,b,u,t,b,s,s,p,w,p,w,o,p,n,y,d
p,x,f,g,f,f,f,c,b,p,e,b,k,k,p,b,p,w,o,l,h,y,d
e,f,y,g,t,n,f,c,b,w,t,b,s,s,p,p,p,w,o,p,k,y,d
p,x,s,w,f,c,f,c,n,g,e,b,s,s,w,w,p,w,o,p,n,s,d
e,f,f,n,t,n,f,c,b,n,t,b,s,s,w,w,p,w,o,p,k,v,d
p,x,f,g,f,f,f,c,b,h,e,b,k,k,n,p,p,w,o,l,h,y,d
e,f,f,g,t,n,f,c,b,p,t,b,s,s,g,w,p,w,o,p,n,v,d
p,x,s,w,f,c,f,w,n,g,e,b,s,s,w,w,p,w,o,p,n,s,d
e,x,y,e,t,n,f,c,b,n,t,b,s,s,w,p,p,w,o,p,k,v,d
p,x,f,g,f,f,f,c,b,g,e,b,k,k,p,b,p,w,o,l,h,y,d
e,f,f,e,t,n,f,c,b,w,t,b,s,s,w,g,p,w,o,p,k,y,d
p,x,f,g,f,f,f,c,b,p,e,b,k,k,n,b,p,w,o,l,h,v,p
e,f,y,g,t,n,f,c,b,w,t,b,s,s,p,w,p,w,o,p,k,v,d
p,x,f,g,f,f,f,c,b,g,e,b,k,k,n,p,p,w,o,l,h,v,p
e,f,y,e,t,n,f,c,b,w,t,b,s,s,p,g,p,w,o,p,n,v,d
p,x,y,g,f,f,f,c,b,p,e,b,k,k,n,p,p,w,o,l,h,v,p
e,f,y,g,t,n,f,c,b,n,t,b,s,s,g,g,p,w,o,p,n,y,d
p,x,f,g,f,f,f,c,b,p,e,b,k,k,n,n,p,w,o,l,h,v,p
e,x,y,n,t,n,f,c,b,p,t,b,s,s,g,p,p,w,o,p,n,v,d
p,x,y,g,f,f,f,c,b,g,e,b,k,k,n,p,p,w,o,l,h,v,g
e,f,y,n,t,n,f,c,b,u,t,b,s,s,w,w,p,w,o,p,n,v,d
p,x,f,p,f,c,f,c,n,u,e,b,s,s,w,w,p,w,o,p,k,v,d
e,f,f,e,t,n,f,c,b,w,t,b,s,s,g,w,p,w,o,p,n,y,d
p,x,f,g,f,f,f,c,b,g,e,b,k,k,b,b,p,w,o,l,h,v,d
e,f,f,e,t,n,f,c,b,p,t,b,s,s,w,w,p,w,o,p,k,y,d
p,x,y,y,f,f,f,c,b,g,e,b,k,k,p,n,p,w,o,l,h,v,g
e,f,f,e,t,n,f,c,b,p,t,b,s,s,g,w,p,w,o,p,n,y,d
p,f,f,y,f,f,f,c,b,p,e,b,k,k,b,n,p,w,o,l,h,v,d
e,f,y,e,t,n,f,c,b,u,t,b,s,s,g,p,p,w,o,p,k,y,d
p,x,f,g,f,f,f,c,b,p,e,b,k,k,b,b,p,w,o,l,h,v,g
e,f,y,e,t,n,f,c,b,u,t,b,s,s,p,p,p,w,o,p,n,y,d
p,f,f,g,f,f,f,c,b,h,e,b,k,k,n,b,p,w,o,l,h,y,p
e,f,y,e,t,n,f,c,b,u,t,b,s,s,g,w,p,w,o,p,n,y,d
p,x,f,g,f,f,f,c,b,g,e,b,k,k,b,p,p,w,o,l,h,y,g
e,f,y,g,t,n,f,c,b,u,t,b,s,s,p,g,p,w,o,p,k,v,d
p,x,f,g,f,f,f,c,b,h,e,b,k,k,n,n,p,w,o,l,h,v,g
e,f,f,e,t,n,f,c,b,w,t,b,s,s,w,g,p,w,o,p,k,v,d
p,x,f,y,f,f,f,c,b,g,e,b,k,k,n,b,p,w,o,l,h,v,d
e,f,y,e,t,n,f,c,b,w,t,b,s,s,p,g,p,w,o,p,n,y,d
p,x,s,g,f,c,f,w,n,g,e,b,s,s,w,w,p,w,o,p,k,v,d
e,f,y,g,t,n,f,c,b,u,t,b,s,s,w,w,p,w,o,p,n,y,d
p,x,f,g,f,f,f,c,b,p,e,b,k,k,p,b,p,w,o,l,h,y,p
e,f,f,g,t,n,f,c,b,u,t,b,s,s,p,g,p,w,o,p,k,v,d
p,x,f,g,f,f,f,c,b,h,e,b,k,k,p,b,p,w,o,l,h,y,p
e,x,y,g,t,n,f,c,b,n,t,b,s,s,p,p,p,w,o,p,k,y,d
p,x,f,g,f,f,f,c,b,h,e,b,k,k,b,n,p,w,o,l,h,v,g
e,f,y,e,t,n,f,c,b,p,t,b,s,s,w,w,p,w,o,p,n,y,d
p,x,f,g,f,f,f,c,b,h,e,b,k,k,b,b,p,w,o,l,h,v,d
e,f,y,g,t,n,f,c,b,p,t,b,s,s,p,w,p,w,o,p,k,y,d
p,x,s,w,f,c,f,c,n,p,e,b,s,s,w,w,p,w,o,p,k,s,d
e,f,f,e,t,n,f,c,b,n,t,b,s,s,p,g,p,w,o,p,k,y,d
p,x,f,g,f,f,f,c,b,g,e,b,k,k,p,p,p,w,o,l,h,y,d
e,x,y,n,t,n,f,c,b,u,t,b,s,s,w,g,p,w,o,p,n,v,d
p,x,f,g,f,f,f,c,b,g,e,b,k,k,b,n,p,w,o,l,h,y,g
e,f,y,n,t,n,f,c,b,u,t,b,s,s,p,g,p,w,o,p,n,y,d
p,x,s,g,f,c,f,w,n,n,e,b,s,s,w,w,p,w,o,p,n,s,d
e,f,f,g,t,n,f,c,b,w,t,b,s,s,p,g,p,w,o,p,k,v,d
p,x,f,p,f,c,f,c,n,g,e,b,s,s,w,w,p,w,o,p,n,v,d
e,f,y,g,t,n,f,c,b,p,t,b,s,s,g,p,p,w,o,p,k,y,d
p,x,s,p,f,c,f,w,n,p,e,b,s,s,w,w,p,w,o,p,n,v,d
e,x,y,g,t,n,f,c,b,u,t,b,s,s,w,p,p,w,o,p,n,y,d
p,x,f,g,f,f,f,c,b,h,e,b,k,k,p,n,p,w,o,l,h,y,p
e,f,y,n,t,n,f,c,b,w,t,b,s,s,p,p,p,w,o,p,n,y,d
p,x,s,g,f,c,f,c,n,u,e,b,s,s,w,w,p,w,o,p,n,v,d
e,f,y,e,t,n,f,c,b,w,t,b,s,s,g,w,p,w,o,p,k,v,d
p,x,f,y,f,f,f,c,b,p,e,b,k,k,p,b,p,w,o,l,h,y,g
e,f,f,g,t,n,f,c,b,w,t,b,s,s,g,w,p,w,o,p,k,y,d
p,x,f,w,f,c,f,w,n,p,e,b,s,s,w,w,p,w,o,p,k,v,d
e,f,f,e,t,n,f,c,b,p,t,b,s,s,p,g,p,w,o,p,n,y,d
p,x,f,g,f,f,f,c,b,p,e,b,k,k,b,n,p,w,o,l,h,v,p
e,x,y,g,t,n,f,c,b,u,t,b,s,s,w,g,p,w,o,p,k,v,d
p,x,f,g,f,f,f,c,b,p,e,b,k,k,b,p,p,w,o,l,h,v,d
e,f,y,n,t,n,f,c,b,w,t,b,s,s,p,g,p,w,o,p,n,y,d
p,x,f,p,f,c,f,w,n,n,e,b,s,s,w,w,p,w,o,p,k,s,d
e,f,f,e,t,n,f,c,b,n,t,b,s,s,g,g,p,w,o,p,n,v,d
p,x,s,w,f,c,f,w,n,n,e,b,s,s,w,w,p,w,o,p,n,s,d
e,f,f,g,t,n,f,c,b,w,t,b,s,s,g,p,p,w,o,p,k,y,d
p,x,f,g,f,f,f,c,b,h,e,b,k,k,p,p,p,w,o,l,h,v,g
e,f,f,e,t,n,f,c,b,n,t,b,s,s,w,p,p,w,o,p,n,v,d
p,x,f,g,f,f,f,c,b,h,e,b,k,k,p,p,p,w,o,l,h,y,g
e,f,f,e,t,n,f,c,b,w,t,b,s,s,p,w,p,w,o,p,n,y,d
p,x,f,g,f,f,f,c,b,g,e,b,k,k,b,n,p,w,o,l,h,v,g
e,f,y,e,t,n,f,c,b,n,t,b,s,s,g,p,p,w,o,p,n,v,d
p,x,f,w,f,c,f,c,n,p,e,b,s,s,w,w,p,w,o,p,k,s,d
e,f,y,n,t,n,f,c,b,n,t,b,s,s,w,p,p,w,o,p,n,y,d
p,x,f,g,f,f,f,c,b,h,e,b,k,k,p,p,p,w,o,l,h,y,d
e,f,y,g,t,n,f,c,b,u,t,b,s,s,w,p,p,w,o,p,k,y,d
p,x,f,p,f,c,f,c,n,u,e,b,s,s,w,w,p,w,o,p,n,s,d
e,f,y,g,t,n,f,c,b,n,t,b,s,s,g,w,p,w,o,p,n,v,d
p,x,s,w,f,c,f,c,n,g,e,b,s,s,w,w,p,w,o,p,k,s,d
e,x,f,g,t,n,f,c,b,p,t,b,s,s,w,p,p,w,o,p,k,v,d
p,x,s,p,f,c,f,w,n,p,e,b,s,s,w,w,p,w,o,p,k,s,d
e,f,y,g,t,n,f,c,b,n,t,b,s,s,g,p,p,w,o,p,n,y,d
p,x,f,g,f,f,f,c,b,g,e,b,k,k,b,p,p,w,o,l,h,v,g
e,f,y,n,t,n,f,c,b,w,t,b,s,s,g,p,p,w,o,p,k,v,d
p,x,f,w,f,c,f,w,n,g,e,b,s,s,w,w,p,w,o,p,k,v,d
e,f,y,n,t,n,f,c,b,n,t,b,s,s,p,g,p,w,o,p,n,y,d
p,x,f,g,f,f,f,c,b,g,e,b,k,k,p,n,p,w,o,l,h,v,d
e,f,y,e,t,n,f,c,b,n,t,b,s,s,w,g,p,w,o,p,k,y,d
p,x,f,y,f,f,f,c,b,p,e,b,k,k,n,n,p,w,o,l,h,y,p
e,f,f,g,t,n,f,c,b,u,t,b,s,s,g,g,p,w,o,p,k,v,d
p,x,f,g,f,c,f,w,n,u,e,b,s,s,w,w,p,w,o,p,k,v,d
e,f,y,g,t,n,f,c,b,w,t,b,s,s,w,w,p,w,o,p,n,y,d
p,x,f,g,f,f,f,c,b,h,e,b,k,k,n,b,p,w,o,l,h,y,p
e,f,y,n,t,n,f,c,b,w,t,b,s,s,g,p,p,w,o,p,n,v,d
p,x,s,g,f,c,f,w,n,g,e,b,s,s,w,w,p,w,o,p,n,s,d
e,f,f,e,t,n,f,c,b,u,t,b,s,s,w,g,p,w,o,p,k,v,d
p,x,f,w,f,c,f,c,n,p,e,b,s,s,w,w,p,w,o,p,k,v,d
e,f,f,e,t,n,f,c,b,n,t,b,s,s,w,w,p,w,o,p,n,v,d
p,f,y,g,f,f,f,c,b,h,e,b,k,k,b,n,p,w,o,l,h,y,d
e,f,y,e,t,n,f,c,b,p,t,b,s,s,g,p,p,w,o,p,n,y,d
p,x,f,p,f,c,f,w,n,g,e,b,s,s,w,w,p,w,o,p,n,s,d
e,f,y,e,t,n,f,c,b,w,t,b,s,s,w,g,p,w,o,p,k,v,d
p,x,s,p,f,c,f,w,n,g,e,b,s,s,w,w,p,w,o,p,n,v,d
e,f,f,e,t,n,f,c,b,w,t,b,s,s,w,w,p,w,o,p,k,v,d
p,f,f,y,f,f,f,c,b,g,e,b,k,k,b,n,p,w,o,l,h,v,p
e,x,f,g,t,n,f,c,b,p,t,b,s,s,w,p,p,w,o,p,k,y,d
p,x,s,p,f,c,f,w,n,p,e,b,s,s,w,w,p,w,o,p,n,s,d
e,x,y,e,t,n,f,c,b,w,t,b,s,s,w,p,p,w,o,p,n,y,d
p,x,s,w,f,c,f,w,n,n,e,b,s,s,w,w,p,w,o,p,n,v,d
e,f,y,g,t,n,f,c,b,w,t,b,s,s,w,g,p,w,o,p,n,y,d
p,x,f,g,f,c,f,c,n,n,e,b,s,s,w,w,p,w,o,p,n,s,d
e,f,y,n,t,n,f,c,b,w,t,b,s,s,p,p,p,w,o,p,k,y,d
p,x,f,p,f,c,f,c,n,g,e,b,s,s,w,w,p,w,o,p,k,v,d
e,f,f,e,t,n,f,c,b,n,t,b,s,s,p,w,p,w,o,p,n,y,d
p,x,s,w,f,c,f,w,n,n,e,b,s,s,w,w,p,w,o,p,k,s,d
e,x,y,n,t,n,f,c,b,n,t,b,s,s,g,p,p,w,o,p,n,v,d
p,x,f,g,f,f,f,c,b,g,e,b,k,k,p,n,p,w,o,l,h,y,g
e,f,y,n,t,n,f,c,b,n,t,b,s,s,g,g,p,w,o,p,n,y,d
p,x,f,g,f,f,f,c,b,g,e,b,k,k,p,p,p,w,o,l,h,y,g
e,f,y,e,t,n,f,c,b,u,t,b,s,s,p,w,p,w,o,p,k,y,d
p,x,s,g,f,c,f,w,n,p,e,b,s,s,w,w,p,w,o,p,n,s,d
e,x,y,g,t,n,f,c,b,p,t,b,s,s,g,w,p,w,o,p,n,v,d
p,x,s,g,f,c,f,c,n,n,e,b,s,s,w,w,p,w,o,p,n,s,d
e,f,f,g,t,n,f,c,b,w,t,b,s,s,w,p,p,w,o,p,k,v,d
p,x,f,g,f,f,f,c,b,g,e,b,k,k,n,p,p,w,o,l,h,y,g
e,f,y,e,t,n,f,c,b,w,t,b,s,s,g,g,p,w,o,p,k,y,d
p,x,f,g,f,c,f,w,n,g,e,b,s,s,w,w,p,w,o,p,k,v,d
e,f,y,n,t,n,f,c,b,n,t,b,s,s,w,w,p,w,o,p,k,y,d
p,x,f,y,f,f,f,c,b,p,e,b,k,k,n,b,p,w,o,l,h,v,p
e,f,y,g,t,n,f,c,b,n,t,b,s,s,g,w,p,w,o,p,n,y,d
p,x,f,g,f,f,f,c,b,g,e,b,k,k,n,n,p,w,o,l,h,v,p
e,f,y,g,t,n,f,c,b,w,t,b,s,s,p,w,p,w,o,p,k,y,d
p,x,f,g,f,c,f,w,n,g,e,b,s,s,w,w,p,w,o,p,n,v,d
e,f,y,g,t,n,f,c,b,u,t,b,s,s,w,p,p,w,o,p,n,v,d
p,f,y,g,f,f,f,c,b,h,e,b,k,k,p,p,p,w,o,l,h,y,p
e,f,f,e,t,n,f,c,b,u,t,b,s,s,p,g,p,w,o,p,k,y,d
p,x,f,g,f,f,f,c,b,h,e,b,k,k,b,p,p,w,o,l,h,v,p
e,f,y,g,t,n,f,c,b,u,t,b,s,s,w,p,p,w,o,p,k,v,d
p,x,f,p,f,c,f,c,n,n,e,b,s,s,w,w,p,w,o,p,n,s,d
e,f,f,e,t,n,f,c,b,w,t,b,s,s,p,p,p,w,o,p,n,v,d
p,x,f,p,f,c,f,w,n,p,e,b,s,s,w,w,p,w,o,p,n,v,d
e,f,y,g,t,n,f,c,b,n,t,b,s,s,p,w,p,w,o,p,n,v,d
p,x,s,p,f,c,f,w,n,u,e,b,s,s,w,w,p,w,o,p,n,v,d
e,x,f,n,t,n,f,c,b,u,t,b,s,s,w,g,p,w,o,p,n,v,d
p,x,f,g,f,f,f,c,b,p,e,b,k,k,p,b,p,w,o,l,h,y,g
e,f,y,n,t,n,f,c,b,p,t,b,s,s,g,w,p,w,o,p,k,y,d
p,x,f,w,f,c,f,w,n,g,e,b,s,s,w,w,p,w,o,p,k,s,d
e,x,y,g,t,n,f,c,b,w,t,b,s,s,g,w,p,w,o,p,k,y,d
p,x,f,w,f,c,f,w,n,n,e,b,s,s,w,w,p,w,o,p,k,s,d
e,f,f,e,t,n,f,c,b,p,t,b,s,s,g,g,p,w,o,p,n,y,d
p,x,y,y,f,f,f,c,b,h,e,b,k,k,n,p,p,w,o,l,h,y,d
e,f,f,g,t,n,f,c,b,p,t,b,s,s,w,p,p,w,o,p,n,v,d
p,x,f,g,f,c,f,w,n,p,e,b,s,s,w,w,p,w,o,p,n,v,d
e,f,f,e,t,n,f,c,b,u,t,b,s,s,g,p,p,w,o,p,n,y,d
p,x,f,g,f,f,f,c,b,h,e,b,k,k,n,b,p,w,o,l,h,v,p
e,x,y,n,t,n,f,c,b,u,t,b,s,s,w,w,p,w,o,p,k,v,d
p,x,f,g,f,c,f,c,n,p,e,b,s,s,w,w,p,w,o,p,k,s,d
e,f,y,n,t,n,f,c,b,p,t,b,s,s,w,p,p,w,o,p,n,v,d
p,x,f,g,f,f,f,c,b,h,e,b,k,k,p,p,p,w,o,l,h,v,p
e,f,y,g,t,n,f,c,b,u,t,b,s,s,p,p,p,w,o,p,k,v,d
p,x,s,w,f,c,f,c,n,u,e,b,s,s,w,w,p,w,o,p,n,v,d
e,f,f,e,t,n,f,c,b,w,t,b,s,s,p,w,p,w,o,p,k,v,d
p,x,f,g,f,f,f,c,b,h,e,b,k,k,n,b,p,w,o,l,h,v,g
e,f,y,g,t,n,f,c,b,w,t,b,s,s,g,g,p,w,o,p,k,y,d
p,x,f,g,f,f,f,c,b,p,e,b,k,k,p,n,p,w,o,l,h,y,p
e,f,f,e,t,n,f,c,b,w,t,b,s,s,g,p,p,w,o,p,n,y,d
p,x,f,g,f,f,f,c,b,h,e,b,k,k,n,p,p,w,o,l,h,v,g
e,f,y,g,t,n,f,c,b,u,t,b,s,s,p,w,p,w,o,p,n,v,d
p,x,f,g,f,f,f,c,b,h,e,b,k,k,p,n,p,w,o,l,h,y,d
e,f,f,e,t,n,f,c,b,u,t,b,s,s,g,g,p,w,o,p,k,y,d
p,x,f,w,f,c,f,w,n,u,e,b,s,s,w,w,p,w,o,p,k,s,d
e,f,f,e,t,n,f,c,b,p,t,b,s,s,w,p,p,w,o,p,k,y,d
p,x,f,g,f,f,f,c,b,p,e,b,k,k,p,n,p,w,o,l,h,v,g
e,x,f,g,t,n,f,c,b,n,t,b,s,s,p,w,p,w,o,p,k,v,d
p,x,f,g,f,f,f,c,b,g,e,b,k,k,b,n,p,w,o,l,h,y,d
e,f,y,g,t,n,f,c,b,n,t,b,s,s,g,w,p,w,o,p,k,v,d
p,x,y,g,f,f,f,c,b,h,e,b,k,k,b,p,p,w,o,l,h,v,d
e,f,y,g,t,n,f,c,b,w,t,b,s,s,w,p,p,w,o,p,n,y,d
p,f,f,g,f,f,f,c,b,p,e,b,k,k,n,p,p,w,o,l,h,v,d
e,f,y,e,t,n,f,c,b,w,t,b,s,s,p,p,p,w,o,p,k,y,d
p,x,s,g,f,c,f,c,n,g,e,b,s,s,w,w,p,w,o,p,n,v,d
e,f,y,e,t,n,f,c,b,u,t,b,s,s,p,w,p,w,o,p,k,v,d
p,x,s,p,f,c,f,w,n,n,e,b,s,s,w,w,p,w,o,p,k,s,d
e,f,f,g,t,n,f,c,b,w,t,b,s,s,p,w,p,w,o,p,n,v,d
p,x,f,p,f,c,f,c,n,u,e,b,s,s,w,w,p,w,o,p,n,v,d
e,f,f,n,t,n,f,c,b,p,t,b,s,s,g,g,p,w,o,p,n,y,d
p,x,s,w,f,c,f,w,n,p,e,b,s,s,w,w,p,w,o,p,n,v,d
e,f,y,g,t,n,f,c,b,n,t,b,s,s,g,g,p,w,o,p,k,y,d
p,x,y,g,f,f,f,c,b,p,e,b,k,k,b,p,p,w,o,l,h,v,d
e,f,y,n,t,n,f,c,b,p,t,b,s,s,p,w,p,w,o,p,k,v,d
p,x,s,g,f,c,f,w,n,n,e,b,s,s,w,w,p,w,o,p,k,s,d
e,f,y,g,t,n,f,c,b,p,t,b,s,s,p,w,p,w,o,p,n,y,d
p,x,f,g,f,f,f,c,b,g,e,b,k,k,p,n,p,w,o,l,h,y,d
e,x,y,n,t,n,f,c,b,w,t,b,s,s,g,p,p,w,o,p,n,y,d
p,x,s,p,f,c,f,c,n,n,e,b,s,s,w,w,p,w,o,p,n,s,d
e,f,y,e,t,n,f,c,b,p,t,b,s,s,p,w,p,w,o,p,k,v,d
p,x,s,p,f,c,f,c,n,p,e,b,s,s,w,w,p,w,o,p,n,v,d
e,f,f,g,t,n,f,c,b,u,t,b,s,s,w,g,p,w,o,p,n,y,d
p,x,f,p,f,c,f,c,n,p,e,b,s,s,w,w,p,w,o,p,k,v,d
e,f,f,e,t,n,f,c,b,p,t,b,s,s,w,p,p,w,o,p,k,v,d
p,x,y,y,f,f,f,c,b,p,e,b,k,k,n,n,p,w,o,l,h,y,d
e,f,y,n,t,n,f,c,b,w,t,b,s,s,w,w,p,w,o,p,k,v,d
p,f,f,g,f,f,f,c,b,p,e,b,k,k,n,n,p,w,o,l,h,v,d
e,f,y,g,t,n,f,c,b,p,t,b,s,s,p,g,p,w,o,p,k,y,d
p,x,f,y,f,f,f,c,b,p,e,b,k,k,b,n,p,w,o,l,h,v,g
e,f,f,g,t,n,f,c,b,u,t,b,s,s,g,w,p,w,o,p,n,y,d
p,x,f,g,f,f,f,c,b,p,e,b,k,k,b,p,p,w,o,l,h,v,p
e,f,y,e,t,n,f,c,b,u,t,b,s,s,g,w,p,w,o,p,n,v,d
p,f,f,g,f,f,f,c,b,p,e,b,k,k,n,p,p,w,o,l,h,y,d
e,f,f,e,t,n,f,c,b,p,t,b,s,s,p,g,p,w,o,p,k,v,d
p,x,f,y,f,f,f,c,b,g,e,b,k,k,p,n,p,w,o,l,h,y,p
e,f,f,e,t,n,f,c,b,u,t,b,s,s,g,g,p,w,o,p,n,v,d
p,x,f,g,f,f,f,c,b,g,e,b,k,k,b,b,p,w,o,l,h,v,g
e,f,y,n,t,n,f,c,b,u,t,b,s,s,w,g,p,w,o,p,k,y,d
p,x,f,g,f,c,f,c,n,n,e,b,s,s,w,w,p,w,o,p,k,v,d
e,f,y,n,t,n,f,c,b,w,t,b,s,s,g,w,p,w,o,p,n,v,d
p,x,f,p,f,c,f,c,n,g,e,b,s,s,w,w,p,w,o,p,k,s,d
e,x,y,n,t,n,f,c,b,n,t,b,s,s,p,p,p,w,o,p,n,y,d
p,f,f,g,f,f,f,c,b,g,e,b,k,k,n,n,p,w,o,l,h,y,g
e,f,y,g,t,n,f,c,b,w,t,b,s,s,p,p,p,w,o,p,n,v,d
p,x,f,g,f,f,f,c,b,g,e,b,k,k,p,b,p,w,o,l,h,y,g
e,f,y,n,t,n,f,c,b,n,t,b,s,s,p,g,p,w,o,p,k,y,d
p,x,f,g,f,f,f,c,b,h,e,b,k,k,p,b,p,w,o,l,h,v,g
e,f,f,e,t,n,f,c,b,w,t,b,s,s,w,p,p,w,o,p,k,y,d
p,x,y,g,f,f,f,c,b,p,e,b,k,k,b,n,p,w,o,l,h,v,d
e,f,f,g,t,n,f,c,b,u,t,b,s,s,w,w,p,w,o,p,k,v,d
p,x,f,g,f,f,f,c,b,g,e,b,k,k,b,n,p,w,o,l,h,v,d
e,f,y,e,t,n,f,c,b,p,t,b,s,s,w,p,p,w,o,p,k,v,d
p,x,y,y,f,f,f,c,b,p,e,b,k,k,n,b,p,w,o,l,h,y,d
e,f,y,g,t,n,f,c,b,n,t,b,s,s,w,w,p,w,o,p,k,y,d
p,x,f,p,f,c,f,w,n,u,e,b,s,s,w,w,p,w,o,p,n,s,d
e,f,f,e,t,n,f,c,b,w,t,b,s,s,w,w,p,w,o,p,n,y,d
p,x,f,g,f,f,f,c,b,h,e,b,k,k,p,n,p,w,o,l,h,y,g
e,f,f,g,t,n,f,c,b,n,t,b,s,s,p,g,p,w,o,p,k,v,d
p,x,f,g,f,f,f,c,b,p,e,b,k,k,p,p,p,w,o,l,h,v,d
e,f,f,g,t,n,f,c,b,w,t,b,s,s,p,g,p,w,o,p,n,y,d
p,x,f,p,f,c,f,c,n,g,e,b,s,s,w,w,p,w,o,p,n,s,d
e,f,y,n,t,n,f,c,b,n,t,b,s,s,w,w,p,w,o,p,n,v,d
p,x,f,g,f,f,f,c,b,g,e,b,k,k,n,n,p,w,o,l,h,y,p
e,x,f,e,t,n,f,c,b,w,t,b,s,s,g,g,p,w,o,p,k,y,d
p,x,s,g,f,c,f,w,n,u,e,b,s,s,w,w,p,w,o,p,k,s,d
e,f,y,n,t,n,f,c,b,n,t,b,s,s,w,p,p,w,o,p,n,v,d
p,x,f,g,f,f,f,c,b,g,e,b,k,k,n,b,p,w,o,l,h,v,d
e,f,y,e,t,n,f,c,b,p,t,b,s,s,p,g,p,w,o,p,k,v,d
p,x,y,y,f,f,f,c,b,p,e,b,k,k,p,n,p,w,o,l,h,y,g
e,f,f,g,t,n,f,c,b,u,t,b,s,s,p,p,p,w,o,p,k,y,d
p,x,f,g,f,f,f,c,b,g,e,b,k,k,n,b,p,w,o,l,h,y,g
e,f,y,e,t,n,f,c,b,u,t,b,s,s,g,p,p,w,o,p,n,y,d
p,x,y,g,f,f,f,c,b,p,e,b,k,k,n,n,p,w,o,l,h,y,d
e,f,y,n,t,n,f,c,b,w,t,b,s,s,p,w,p,w,o,p,n,v,d
p,x,f,g,f,c,f,w,n,n,e,b,s,s,w,w,p,w,o,p,n,s,d
e,f,f,e,t,n,f,c,b,n,t,b,s,s,p,p,p,w,o,p,n,v,d
p,f,f,y,f,f,f,c,b,h,e,b,k,k,n,b,p,w,o,l,h,y,d
e,f,y,n,t,n,f,c,b,u,t,b,s,s,g,p,p,w,o,p,n,v,d
p,x,f,g,f,f,f,c,b,h,e,b,k,k,b,b,p,w,o,l,h,y,p
e,x,y,n,t,n,f,c,b,p,t,b,s,s,w,w,p,w,o,p,k,y,d
p,x,s,w,f,c,f,c,n,g,e,b,s,s,w,w,p,w,o,p,n,v,d
e,f,y,g,t,n,f,c,b,p,t,b,s,s,w,g,p,w,o,p,k,v,d
p,x,f,g,f,f,f,c,b,g,e,b,k,k,p,b,p,w,o,l,h,v,d
e,f,y,e,t,n,f,c,b,u,t,b,s,s,w,w,p,w,o,p,n,v,d
p,x,s,p,f,c,f,c,n,g,e,b,s,s,w,w,p,w,o,p,k,s,d
e,f,f,e,t,n,f,c,b,u,t,b,s,s,w,w,p,w,o,p,k,v,d
p,x,f,g,f,f,f,c,b,h,e,b,k,k,b,b,p,w,o,l,h,v,p
e,f,y,n,t,n,f,c,b,p,t,b,s,s,p,g,p,w,o,p,n,y,d
p,x,s,p,f,c,f,c,n,n,e,b,s,s,w,w,p,w,o,p,k,s,d
e,f,y,e,t,n,f,c,b,n,t,b,s,s,p,p,p,w,o,p,k,y,d
p,x,s,w,f,c,f,c,n,u,e,b,s,s,w,w,p,w,o,p,k,s,d
e,f,y,n,t,n,f,c,b,w,t,b,s,s,w,p,p,w,o,p,n,v,d
p,x,f,g,f,f,f,c,b,g,e,b,k,k,p,p,p,w,o,l,h,v,g
e,f,y,n,t,n,f,c,b,w,t,b,s,s,g,g,p,w,o,p,k,y,d
p,x,f,w,f,c,f,w,n,p,e,b,s,s,w,w,p,w,o,p,n,v,d
e,f,f,e,t,n,f,c,b,u,t,b,s,s,w,w,p,w,o,p,n,v,d
p,x,f,g,f,f,f,c,b,g,e,b,k,k,p,b,p,w,o,l,h,v,g
e,f,y,n,t,n,f,c,b,w,t,b,s,s,g,w,p,w,o,p,n,y,d
p,x,s,p,f,c,f,c,n,u,e,b,s,s,w,w,p,w,o,p,k,v,d
e,f,y,g,t,n,f,c,b,n,t,b,s,s,w,g,p,w,o,p,n,y,d
p,x,s,p,f,c,f,c,n,g,e,b,s,s,w,w,p,w,o,p,n,v,d
e,x,y,n,t,n,f,c,b,n,t,b,s,s,w,p,p,w,o,p,n,y,d
p,x,y,g,f,f,f,c,b,p,e,b,k,k,b,b,p,w,o,l,h,y,g
e,f,y,e,t,n,f,c,b,w,t,b,s,s,g,w,p,w,o,p,k,y,d
p,x,f,p,f,c,f,c,n,p,e,b,s,s,w,w,p,w,o,p,n,s,d
e,f,f,e,t,n,f,c,b,u,t,b,s,s,w,g,p,w,o,p,n,y,d
p,x,f,g,f,c,f,c,n,u,e,b,s,s,w,w,p,w,o,p,n,s,d
e,f,y,g,t,n,f,c,b,n,t,b,s,s,w,w,p,w,o,p,n,y,d
p,x,f,g,f,f,f,c,b,p,e,b,k,k,n,b,p,w,o,l,h,v,d
e,f,f,e,t,n,f,c,b,w,t,b,s,s,p,p,p,w,o,p,k,v,d
p,f,y,y,f,f,f,c,b,h,e,b,k,k,b,n,p,w,o,l,h,y,d
e,f,y,e,t,n,f,c,b,n,t,b,s,s,w,w,p,w,o,p,k,y,d
p,f,y,g,f,f,f,c,b,g,e,b,k,k,p,b,p,w,o,l,h,v,d
e,f,y,g,t,n,f,c,b,u,t,b,s,s,g,w,p,w,o,p,n,v,d
p,x,f,g,f,f,f,c,b,p,e,b,k,k,b,b,p,w,o,l,h,v,d
e,f,y,n,t,n,f,c,b,u,t,b,s,s,p,g,p,w,o,p,n,v,d
p,x,y,g,f,f,f,c,b,h,e,b,k,k,n,n,p,w,o,l,h,y,g
e,f,y,e,t,n,f,c,b,w,t,b,s,s,p,p,p,w,o,p,n,y,d
p,x,f,g,f,f,f,c,b,p,e,b,k,k,p,n,p,w,o,l,h,v,d
e,x,y,n,t,n,f,c,b,u,t,b,s,s,w,g,p,w,o,p,n,y,d
p,f,f,y,f,f,f,c,b,h,e,b,k,k,p,p,p,w,o,l,h,v,p
e,f,y,e,t,n,f,c,b,w,t,b,s,s,g,w,p,w,o,p,n,v,d
p,x,f,y,f,f,f,c,b,p,e,b,k,k,b,n,p,w,o,l,h,v,d
e,f,y,n,t,n,f,c,b,u,t,b,s,s,g,g,p,w,o,p,n,v,d
p,x,f,y,f,f,f,c,b,p,e,b,k,k,p,p,p,w,o,l,h,v,p
e,f,f,e,t,n,f,c,b,u,t,b,s,s,w,p,p,w,o,p,k,v,d
p,x,s,g,f,c,f,c,n,g,e,b,s,s,w,w,p,w,o,p,n,s,d
e,f,y,g,t,n,f,c,b,n,t,b,s,s,w,p,p,w,o,p,n,v,d
p,f,f,y,f,f,f,c,b,p,e,b,k,k,b,p,p,w,o,l,h,y,p
e,f,f,e,t,n,f,c,b,u,t,b,s,s,g,w,p,w,o,p,k,y,d
p,x,f,g,f,f,f,c,b,h,e,b,k,k,n,n,p,w,o,l,h,y,p
e,f,y,e,t,n,f,c,b,p,t,b,s,s,w,p,p,w,o,p,n,y,d
p,x,f,g,f,f,f,c,b,h,e,b,k,k,p,n,p,w,o,l,h,v,d
e,f,f,e,t,n,f,c,b,w,t,b,s,s,p,w,p,w,o,p,n,v,d
p,f,f,g,f,f,f,c,b,g,e,b,k,k,p,b,p,w,o,l,h,v,d
e,f,y,g,t,n,f,c,b,u,t,b,s,s,p,p,p,w,o,p,n,y,d
p,f,f,y,f,f,f,c,b,h,e,b,k,k,p,b,p,w,o,l,h,v,p
e,x,y,n,t,n,f,c,b,n,t,b,s,s,g,w,p,w,o,p,n,v,d
p,f,f,g,f,f,f,c,b,h,e,b,k,k,b,n,p,w,o,l,h,v,d
e,f,y,n,t,n,f,c,b,w,t,b,s,s,g,w,p,w,o,p,k,v,d
p,x,f,g,f,c,f,w,n,u,e,b,s,s,w,w,p,w,o,p,k,s,d
e,f,y,e,t,n,f,c,b,w,t,b,s,s,p,w,p,w,o,p,n,y,d
p,x,s,w,f,c,f,w,n,g,e,b,s,s,w,w,p,w,o,p,k,s,d
e,f,y,n,t,n,f,c,b,n,t,b,s,s,w,p,p,w,o,p,k,v,d
p,x,s,w,f,c,f,c,n,n,e,b,s,s,w,w,p,w,o,p,n,v,d
e,f,y,e,t,n,f,c,b,p,t,b,s,s,p,p,p,w,o,p,n,y,d
p,x,s,g,f,c,f,c,n,p,e,b,s,s,w,w,p,w,o,p,k,s,d
e,f,y,e,t,n,f,c,b,n,t,b,s,s,p,w,p,w,o,p,k,y,d
p,x,f,p,f,c,f,w,n,n,e,b,s,s,w,w,p,w,o,p,k,v,d
e,f,f,e,t,n,f,c,b,u,t,b,s,s,p,p,p,w,o,p,k,y,d
p,x,s,p,f,c,f,c,n,u,e,b,s,s,w,w,p,w,o,p,n,v,d
e,f,f,e,t,n,f,c,b,w,t,b,s,s,p,g,p,w,o,p,k,y,d
p,f,f,g,f,f,f,c,b,g,e,b,k,k,b,p,p,w,o,l,h,y,g
e,f,y,g,t,n,f,c,b,p,t,b,s,s,g,p,p,w,o,p,n,y,d
p,x,f,g,f,f,f,c,b,h,e,b,k,k,n,p,p,w,o,l,h,y,g
e,f,y,n,t,n,f,c,b,n,t,b,s,s,p,p,p,w,o,p,k,v,d
p,x,s,p,f,c,f,w,n,g,e,b,s,s,w,w,p,w,o,p,k,s,d
e,f,f,e,t,n,f,c,b,p,t,b,s,s,g,p,p,w,o,p,n,v,d
p,x,f,g,f,f,f,c,b,g,e,b,k,k,n,p,p,w,o,l,h,y,d
e,x,y,n,t,n,f,c,b,u,t,b,s,s,g,p,p,w,o,p,n,y,d
p,x,f,w,f,c,f,c,n,n,e,b,s,s,w,w,p,w,o,p,k,v,d
e,f,y,e,t,n,f,c,b,p,t,b,s,s,g,p,p,w,o,p,k,y,d
p,x,f,g,f,f,f,c,b,p,e,b,k,k,n,b,p,w,o,l,h,y,g
e,f,y,g,t,n,f,c,b,n,t,b,s,s,p,w,p,w,o,p,n,y,d
p,x,s,w,f,c,f,w,n,n,e,b,s,s,w,w,p,w,o,p,k,v,d
e,f,f,e,t,n,f,c,b,n,t,b,s,s,p,p,p,w,o,p,k,v,d
p,x,s,w,f,c,f,c,n,n,e,b,s,s,w,w,p,w,o,p,k,s,d
e,f,y,g,t,n,f,c,b,u,t,b,s,s,g,g,p,w,o,p,n,v,d
p,x,f,g,f,f,f,c,b,h,e,b,k,k,b,n,p,w,o,l,h,v,p
e,f,f,e,t,n,f,c,b,u,t,b,s,s,p,w,p,w,o,p,n,y,d
p,x,y,g,f,f,f,c,b,g,e,b,k,k,n,n,p,w,o,l,h,v,g
e,f,f,e,t,n,f,c,b,u,t,b,s,s,w,g,p,w,o,p,k,y,d
p,x,f,g,f,c,f,w,n,p,e,b,s,s,w,w,p,w,o,p,n,s,d
e,f,y,g,t,n,f,c,b,u,t,b,s,s,g,w,p,w,o,p,k,y,d
p,x,s,p,f,c,f,c,n,p,e,b,s,s,w,w,p,w,o,p,k,s,d
e,f,y,n,t,n,f,c,b,u,t,b,s,s,w,p,p,w,o,p,n,v,d
p,x,f,g,f,f,f,c,b,p,e,b,k,k,b,n,p,w,o,l,h,y,g
e,f,y,e,t,n,f,c,b,n,t,b,s,s,w,p,p,w,o,p,k,v,d
p,x,s,w,f,c,f,w,n,u,e,b,s,s,w,w,p,w,o,p,n,v,d
e,x,y,n,t,n,f,c,b,n,t,b,s,s,w,w,p,w,o,p,n,v,d
p,x,f,g,f,f,f,c,b,p,e,b,k,k,n,p,p,w,o,l,h,v,d
e,f,y,n,t,n,f,c,b,w,t,b,s,s,w,w,p,w,o,p,k,y,d
p,x,f,w,f,c,f,w,n,u,e,b,s,s,w,w,p,w,o,p,k,v,d
e,x,y,e,t,n,f,c,b,p,t,b,s,s,p,p,p,w,o,p,k,v,d
p,x,f,g,f,f,f,c,b,h,e,b,k,k,b,p,p,w,o,l,h,v,d
e,x,f,g,t,n,f,c,b,w,t,b,s,s,p,g,p,w,o,p,k,v,d
p,x,f,p,f,c,f,c,n,u,e,b,s,s,w,w,p,w,o,p,k,s,d
e,f,f,e,t,n,f,c,b,n,t,b,s,s,g,p,p,w,o,p,n,v,d
p,x,s,p,f,c,f,c,n,n,e,b,s,s,w,w,p,w,o,p,k,v,d
e,f,y,e,t,n,f,c,b,p,t,b,s,s,g,g,p,w,o,p,k,y,d
p,x,f,g,f,c,f,c,n,n,e,b,s,s,w,w,p,w,o,p,k,s,d
e,f,y,g,t,n,f,c,b,u,t,b,s,s,w,g,p,w,o,p,n,y,d
p,x,f,g,f,c,f,w,n,g,e,b,s,s,w,w,p,w,o,p,n,s,d
e,f,f,e,t,n,f,c,b,p,t,b,s,s,w,g,p,w,o,p,k,v,d
p,x,s,w,f,c,f,c,n,n,e,b,s,s,w,w,p,w,o,p,n,s,d
e,f,y,n,t,n,f,c,b,w,t,b,s,s,g,g,p,w,o,p,k,v,d
p,x,f,g,f,f,f,c,b,h,e,b,k,k,n,b,p,w,o,l,h,v,d
e,f,y,g,t,n,f,c,b,n,t,b,s,s,p,g,p,w,o,p,k,v,d
p,x,f,g,f,f,f,c,b,g,e,b,k,k,n,b,p,w,o,l,h,v,g
e,f,y,g,t,n,f,c,b,p,t,b,s,s,g,w,p,w,o,p,n,v,d
p,x,f,g,f,f,f,c,b,g,e,b,k,k,n,n,p,w,o,l,h,y,g
e,f,f,e,t,n,f,c,b,n,t,b,s,s,w,w,p,w,o,p,k,v,d
p,x,f,w,f,c,f,c,n,p,e,b,s,s,w,w,p,w,o,p,n,v,d
e,f,f,g,t,n,f,c,b,n,t,b,s,s,w,w,p,w,o,p,n,y,d
p,x,f,g,f,f,f,c,b,p,e,b,k,k,b,p,p,w,o,l,h,y,p
e,f,y,g,t,n,f,c,b,n,t,b,s,s,w,g,p,w,o,p,k,y,d
p,x,y,g,f,f,f,c,b,g,e,b,k,k,b,n,p,w,o,l,h,y,g
e,x,f,g,t,n,f,c,b,w,t,b,s,s,w,w,p,w,o,p,k,y,d
p,x,y,y,f,f,f,c,b,h,e,b,k,k,n,p,p,w,o,l,h,v,g
e,f,y,e,t,n,f,c,b,w,t,b,s,s,p,w,p,w,o,p,k,y,d
p,f,y,g,f,f,f,c,b,p,e,b,k,k,n,b,p,w,o,l,h,v,g
e,f,f,e,t,n,f,c,b,n,t,b,s,s,g,w,p,w,o,p,k,v,d
p,x,f,g,f,f,f,c,b,p,e,b,k,k,b,b,p,w,o,l,h,y,d
e,f,y,e,t,n,f,c,b,p,t,b,s,s,g,p,p,w,o,p,n,v,d
p,x,f,y,f,f,f,c,b,h,e,b,k,k,p,n,p,w,o,l,h,y,d
e,f,f,e,t,n,f,c,b,u,t,b,s,s,g,g,p,w,o,p,k,v,d
p,x,f,p,f,c,f,c,n,n,e,b,s,s,w,w,p,w,o,p,n,v,d
e,x,y,g,t,n,f,c,b,p,t,b,s,s,w,p,p,w,o,p,k,y,d
p,f,y,g,f,f,f,c,b,p,e,b,k,k,b,b,p,w,o,l,h,v,d
e,f,y,g,t,n,f,c,b,u,t,b,s,s,w,g,p,w,o,p,n,v,d
p,x,f,y,f,f,f,c,b,g,e,b,k,k,n,p,p,w,o,l,h,v,d
e,f,f,e,t,n,f,c,b,p,t,b,s,s,g,g,p,w,o,p,n,v,d
p,x,y,y,f,f,f,c,b,h,e,b,k,k,n,n,p,w,o,l,h,v,g
e,f,y,g,t,n,f,c,b,u,t,b,s,s,w,w,p,w,o,p,n,v,d
p,x,s,g,t,f,f,c,b,w,t,b,f,s,w,w,p,w,o,p,h,v,u
e,f,f,g,t,n,f,c,b,w,t,b,s,s,p,p,p,w,o,p,k,v,d
p,f,f,y,f,f,f,c,b,g,e,b,k,k,p,b,p,w,o,l,h,y,d
e,f,y,n,t,n,f,c,b,u,t,b,s,s,p,p,p,w,o,p,n,v,d
p,x,f,y,f,f,f,c,b,g,e,b,k,k,n,b,p,w,o,l,h,y,p
e,f,f,e,t,n,f,c,b,w,t,b,s,s,w,p,p,w,o,p,n,v,d
p,f,y,g,f,f,f,c,b,p,e,b,k,k,b,n,p,w,o,l,h,v,g
e,f,f,g,t,n,f,c,b,u,t,b,s,s,p,g,p,w,o,p,n,y,d
p,x,f,y,f,f,f,c,b,h,e,b,k,k,p,p,p,w,o,l,h,v,d
e,f,y,g,t,n,f,c,b,n,t,b,s,s,p,g,p,w,o,p,k,y,d
p,f,f,y,f,f,f,c,b,p,e,b,k,k,b,b,p,w,o,l,h,v,d
e,f,f,e,t,n,f,c,b,p,t,b,s,s,p,p,p,w,o,p,k,v,d
p,f,y,g,f,f,f,c,b,p,e,b,k,k,p,b,p,w,o,l,h,y,p
e,f,y,n,t,n,f,c,b,n,t,b,s,s,g,w,p,w,o,p,k,v,d
p,x,y,g,f,f,f,c,b,g,e,b,k,k,n,p,p,w,o,l,h,y,p
e,f,f,e,t,n,f,c,b,w,t,b,s,s,g,g,p,w,o,p,n,v,d
p,f,f,g,f,f,f,c,b,p,e,b,k,k,b,b,p,w,o,l,h,v,p
e,f,f,g,t,n,f,c,b,w,t,b,s,s,p,p,p,w,o,p,k,y,d
p,f,f,g,f,f,f,c,b,g,e,b,k,k,n,n,p,w,o,l,h,y,p
e,x,f,e,t,n,f,c,b,u,t,b,s,s,g,p,p,w,o,p,k,v,d
p,f,y,g,f,f,f,c,b,p,e,b,k,k,p,b,p,w,o,l,h,v,d
e,x,f,g,t,n,f,c,b,u,t,b,s,s,g,g,p,w,o,p,n,v,d
p,f,y,g,f,f,f,c,b,g,e,b,k,k,b,p,p,w,o,l,h,v,g
e,f,f,e,t,n,f,c,b,w,t,b,s,s,w,p,p,w,o,p,k,v,d
p,x,y,g,f,f,f,c,b,h,e,b,k,k,p,p,p,w,o,l,h,y,g
e,f,f,g,t,n,f,c,b,u,t,b,s,s,g,w,p,w,o,p,k,v,d
p,x,f,g,f,f,f,c,b,p,e,b,k,k,p,p,p,w,o,l,h,y,d
e,f,y,n,t,n,f,c,b,u,t,b,s,s,w,p,p,w,o,p,n,y,d
p,f,y,g,f,f,f,c,b,h,e,b,k,k,b,p,p,w,o,l,h,v,d
e,f,y,n,t,n,f,c,b,p,t,b,s,s,g,w,p,w,o,p,k,v,d
p,x,f,w,f,c,f,c,n,u,e,b,s,s,w,w,p,w,o,p,k,s,d
e,f,y,e,t,n,f,c,b,p,t,b,s,s,g,g,p,w,o,p,k,v,d
p,x,y,y,f,f,f,c,b,g,e,b,k,k,p,b,p,w,o,l,h,v,p
e,x,f,e,t,n,f,c,b,n,t,b,s,s,w,p,p,w,o,p,n,v,d
p,x,y,y,f,f,f,c,b,h,e,b,k,k,b,b,p,w,o,l,h,v,g
e,f,f,n,t,n,f,c,b,n,t,b,s,s,w,w,p,w,o,p,n,y,d
p,f,y,y,f,f,f,c,b,p,e,b,k,k,b,p,p,w,o,l,h,y,d
e,f,y,g,t,n,f,c,b,w,t,b,s,s,p,p,p,w,o,p,n,y,d
p,x,y,g,f,f,f,c,b,p,e,b,k,k,b,p,p,w,o,l,h,v,p
e,f,f,e,t,n,f,c,b,u,t,b,s,s,w,g,p,w,o,p,n,v,d
p,x,f,y,f,f,f,c,b,h,e,b,k,k,p,n,p,w,o,l,h,y,g
e,f,y,n,t,n,f,c,b,u,t,b,s,s,p,w,p,w,o,p,n,y,d
p,f,y,y,f,f,f,c,b,p,e,b,k,k,p,p,p,w,o,l,h,v,g
e,x,f,g,t,n,f,c,b,u,t,b,s,s,p,g,p,w,o,p,n,v,d
p,f,y,g,f,f,f,c,b,h,e,b,k,k,n,p,p,w,o,l,h,y,d
e,f,y,e,t,n,f,c,b,p,t,b,s,s,g,g,p,w,o,p,n,v,d
p,x,f,g,f,f,f,c,b,p,e,b,k,k,b,n,p,w,o,l,h,v,d
e,f,y,n,t,n,f,c,b,n,t,b,s,s,w,w,p,w,o,p,n,y,d
p,f,y,g,f,f,f,c,b,p,e,b,k,k,n,p,p,w,o,l,h,v,g
e,x,f,e,t,n,f,c,b,w,t,b,s,s,p,p,p,w,o,p,k,v,d
p,f,y,y,f,f,f,c,b,h,e,b,k,k,b,b,p,w,o,l,h,v,p
e,f,y,g,t,n,f,c,b,u,t,b,s,s,w,p,p,w,o,p,n,y,d
p,b,s,b,t,n,f,c,b,g,e,b,s,s,w,w,p,w,t,p,r,v,m
e,f,f,g,t,n,f,c,b,w,t,b,s,s,g,g,p,w,o,p,k,y,d
p,f,f,g,f,f,f,c,b,p,e,b,k,k,b,n,p,w,o,l,h,v,g
e,f,y,g,t,n,f,c,b,w,t,b,s,s,w,g,p,w,o,p,k,y,d
p,f,f,y,f,f,f,c,b,p,e,b,k,k,p,n,p,w,o,l,h,y,p
e,f,f,e,t,n,f,c,b,u,t,b,s,s,p,w,p,w,o,p,n,v,d
p,x,f,g,f,f,f,c,b,p,e,b,k,k,n,p,p,w,o,l,h,y,p
e,f,y,e,t,n,f,c,b,u,t,b,s,s,g,g,p,w,o,p,k,v,d
p,f,f,g,f,f,f,c,b,g,e,b,k,k,n,p,p,w,o,l,h,v,d
e,f,f,n,t,n,f,c,b,u,t,b,s,s,w,p,p,w,o,p,k,v,d
p,x,y,y,f,f,f,c,b,g,e,b,k,k,p,p,p,w,o,l,h,v,p
e,f,y,n,t,n,f,c,b,p,t,b,s,s,p,p,p,w,o,p,k,y,d
p,f,y,g,f,f,f,c,b,p,e,b,k,k,b,p,p,w,o,l,h,y,p
e,f,f,e,t,n,f,c,b,p,t,b,s,s,g,g,p,w,o,p,k,y,d
p,x,y,y,f,f,f,c,b,g,e,b,k,k,b,b,p,w,o,l,h,v,g
e,f,f,g,t,n,f,c,b,w,t,b,s,s,g,p,p,w,o,p,k,v,d
p,f,y,g,f,f,f,c,b,g,e,b,k,k,p,p,p,w,o,l,h,y,g
e,f,y,n,t,n,f,c,b,w,t,b,s,s,p,w,p,w,o,p,k,v,d
p,x,y,y,f,f,f,c,b,p,e,b,k,k,b,n,p,w,o,l,h,y,d
e,f,y,e,t,n,f,c,b,w,t,b,s,s,w,g,p,w,o,p,n,v,d
p,f,s,g,t,f,f,c,b,p,t,b,f,f,w,w,p,w,o,p,h,v,u
e,f,y,e,t,n,f,c,b,w,t,b,s,s,w,w,p,w,o,p,n,y,d
p,x,y,g,f,f,f,c,b,h,e,b,k,k,b,n,p,w,o,l,h,v,g
e,f,f,e,t,n,f,c,b,p,t,b,s,s,w,p,p,w,o,p,n,v,d
p,f,f,y,f,f,f,c,b,h,e,b,k,k,b,n,p,w,o,l,h,v,g
e,f,y,n,t,n,f,c,b,u,t,b,s,s,g,p,p,w,o,p,k,y,d
p,x,y,g,f,f,f,c,b,g,e,b,k,k,p,b,p,w,o,l,h,y,g
e,f,f,g,t,n,f,c,b,u,t,b,s,s,g,w,p,w,o,p,n,v,d
p,x,f,y,f,f,f,c,b,p,e,b,k,k,n,p,p,w,o,l,h,v,p
e,f,f,c,f,n,f,w,n,w,e,b,f,f,w,n,p,w,o,e,w,v,l
p,x,f,g,f,f,f,c,b,h,e,b,k,k,n,n,p,w,o,l,h,v,d
e,f,f,g,t,n,f,c,b,w,t,b,s,s,p,w,p,w,o,p,k,y,d
p,x,f,y,f,f,f,c,b,p,e,b,k,k,b,b,p,w,o,l,h,y,p
e,f,y,e,t,n,f,c,b,u,t,b,s,s,p,p,p,w,o,p,k,y,d
p,f,y,g,f,f,f,c,b,h,e,b,k,k,b,p,p,w,o,l,h,v,p
e,f,f,g,t,n,f,c,b,w,t,b,s,s,w,w,p,w,o,p,k,y,d
p,x,f,g,f,f,f,c,b,g,e,b,k,k,n,p,p,w,o,l,h,v,g
e,f,y,n,t,n,f,c,b,p,t,b,s,s,p,w,p,w,o,p,n,y,d
p,x,y,g,f,f,f,c,b,h,e,b,k,k,n,n,p,w,o,l,h,v,d
e,f,f,e,t,n,f,c,b,u,t,b,s,s,p,p,p,w,o,p,n,y,d
p,x,f,g,f,c,f,w,n,n,e,b,s,s,w,w,p,w,o,p,k,v,d
e,f,y,e,t,n,f,c,b,p,t,b,s,s,w,w,p,w,o,p,n,v,d
p,f,f,y,f,f,f,c,b,h,e,b,k,k,n,p,p,w,o,l,h,v,d
e,f,y,g,t,n,f,c,b,u,t,b,s,s,g,g,p,w,o,p,n,y,d
p,f,y,y,f,f,f,c,b,h,e,b,k,k,p,p,p,w,o,l,h,y,p
e,k,y,n,f,n,f,w,n,w,e,b,f,f,w,n,p,w,o,e,w,v,l
p,f,f,g,f,f,f,c,b,p,e,b,k,k,n,n,p,w,o,l,h,y,p
e,f,y,g,t,n,f,c,b,w,t,b,s,s,p,w,p,w,o,p,n,y,d
p,f,y,g,f,f,f,c,b,h,e,b,k,k,p,b,p,w,o,l,h,y,d
e,f,y,e,t,n,f,c,b,w,t,b,s,s,g,p,p,w,o,p,k,y,d
p,f,f,y,f,f,f,c,b,h,e,b,k,k,n,n,p,w,o,l,h,y,p
e,f,y,g,t,n,f,c,b,n,t,b,s,s,g,p,p,w,o,p,n,v,d
p,f,y,g,f,f,f,c,b,p,e,b,k,k,p,p,p,w,o,l,h,y,d
e,f,y,e,t,n,f,c,b,n,t,b,s,s,p,g,p,w,o,p,k,v,d
p,x,y,y,f,f,f,c,b,h,e,b,k,k,n,n,p,w,o,l,h,y,g
e,f,f,e,t,n,f,c,b,u,t,b,s,s,g,w,p,w,o,p,n,y,d
p,f,s,b,t,f,f,c,b,h,t,b,s,f,w,w,p,w,o,p,h,v,u
e,f,y,n,t,n,f,c,b,u,t,b,s,s,w,g,p,w,o,p,k,v,d
p,f,y,y,f,f,f,c,b,h,e,b,k,k,b,n,p,w,o,l,h,y,g
e,f,f,e,t,n,f,c,b,n,t,b,s,s,g,g,p,w,o,p,k,y,d
p,f,f,y,f,f,f,c,b,p,e,b,k,k,p,n,p,w,o,l,h,v,d
e,f,y,g,t,n,f,c,b,u,t,b,s,s,p,g,p,w,o,p,k,y,d
p,f,f,g,f,f,f,c,b,g,e,b,k,k,b,n,p,w,o,l,h,y,d
e,f,y,n,t,n,f,c,b,n,t,b,s,s,g,g,p,w,o,p,n,v,d
p,x,y,g,f,f,f,c,b,g,e,b,k,k,n,n,p,w,o,l,h,y,g
e,f,y,n,t,n,f,c,b,p,t,b,s,s,w,p,p,w,o,p,k,y,d
p,x,y,y,f,f,f,c,b,h,e,b,k,k,b,p,p,w,o,l,h,v,d
e,f,f,c,f,n,f,w,n,w,e,b,s,f,w,n,p,w,o,e,w,v,l
p,f,y,g,f,f,f,c,b,h,e,b,k,k,p,b,p,w,o,l,h,v,g
e,f,f,g,t,n,f,c,b,u,t,b,s,s,g,g,p,w,o,p,n,v,d
p,x,y,g,f,f,f,c,b,h,e,b,k,k,p,p,p,w,o,l,h,y,d
e,f,f,e,t,n,f,c,b,w,t,b,s,s,w,g,p,w,o,p,n,v,d
p,x,y,y,f,f,f,c,b,h,e,b,k,k,p,p,p,w,o,l,h,y,d
e,f,f,e,t,n,f,c,b,w,t,b,s,s,g,w,p,w,o,p,k,v,d
p,x,y,y,f,f,f,c,b,g,e,b,k,k,p,n,p,w,o,l,h,v,p
e,f,f,g,t,n,f,c,b,u,t,b,s,s,p,w,p,w,o,p,k,v,d
p,x,y,y,f,f,f,c,b,p,e,b,k,k,b,p,p,w,o,l,h,y,d
e,f,y,n,t,n,f,c,b,n,t,b,s,s,p,p,p,w,o,p,n,y,d
p,x,f,y,f,f,f,c,b,h,e,b,k,k,p,n,p,w,o,l,h,v,p
e,f,y,n,t,n,f,c,b,n,t,b,s,s,w,g,p,w,o,p,n,y,d
p,f,f,g,f,f,f,c,b,h,e,b,k,k,p,b,p,w,o,l,h,y,d
e,f,f,e,t,n,f,c,b,w,t,b,s,s,g,w,p,w,o,p,n,v,d
p,f,f,y,f,f,f,c,b,g,e,b,k,k,n,p,p,w,o,l,h,y,g
e,f,y,n,t,n,f,c,b,n,t,b,s,s,p,w,p,w,o,p,n,y,d
p,x,y,y,f,f,f,c,b,g,e,b,k,k,n,p,p,w,o,l,h,v,g
e,f,f,e,t,n,f,c,b,w,t,b,s,s,w,w,p,w,o,p,k,y,d
p,x,f,y,f,f,f,c,b,h,e,b,k,k,b,n,p,w,o,l,h,y,d
e,f,f,e,t,n,f,c,b,p,t,b,s,s,p,p,p,w,o,p,n,y,d
p,x,y,y,f,f,f,c,b,g,e,b,k,k,b,n,p,w,o,l,h,v,d
e,f,y,n,t,n,f,c,b,n,t,b,s,s,p,w,p,w,o,p,n,v,d
p,x,y,y,f,f,f,c,b,h,e,b,k,k,b,b,p,w,o,l,h,y,p
e,f,f,g,t,n,f,c,b,u,t,b,s,s,w,w,p,w,o,p,n,y,d
p,x,s,g,t,f,f,c,b,h,t,b,f,s,w,w,p,w,o,p,h,s,g
e,k,y,n,f,n,f,w,n,w,e,b,f,s,w,n,p,w,o,e,w,v,l
p,x,s,w,f,c,f,c,n,p,e,b,s,s,w,w,p,w,o,p,n,v,d
e,f,y,e,t,n,f,c,b,n,t,b,s,s,w,p,p,w,o,p,n,y,d
p,b,s,w,t,n,f,c,b,g,e,b,s,s,w,w,p,w,t,p,r,v,m
e,f,f,g,t,n,f,c,b,u,t,b,s,s,p,p,p,w,o,p,n,v,d
p,f,f,y,f,f,f,c,b,p,e,b,k,k,n,n,p,w,o,l,h,y,p
e,f,y,e,t,n,f,c,b,p,t,b,s,s,g,p,p,w,o,p,k,v,d
p,f,y,g,f,f,f,c,b,g,e,b,k,k,p,b,p,w,o,l,h,y,g
e,f,f,e,t,n,f,c,b,n,t,b,s,s,p,w,p,w,o,p,n,v,d
p,x,y,y,f,f,f,c,b,h,e,b,k,k,p,b,p,w,o,l,h,v,p
e,f,y,e,t,n,f,c,b,u,t,b,s,s,p,w,p,w,o,p,n,y,d
p,x,f,y,f,f,f,c,b,g,e,b,k,k,p,p,p,w,o,l,h,y,g
e,x,f,n,f,n,f,w,n,w,e,b,s,f,w,n,p,w,o,e,w,v,l
p,x,y,g,f,f,f,c,b,g,e,b,k,k,p,n,p,w,o,l,h,v,p
e,f,f,e,t,n,f,c,b,n,t,b,s,s,g,w,p,w,o,p,n,y,d
p,x,y,y,f,f,f,c,b,p,e,b,k,k,n,b,p,w,o,l,h,y,g
e,k,f,c,f,n,f,w,n,w,e,b,f,s,w,n,p,w,o,e,w,v,l
p,f,f,g,f,f,f,c,b,h,e,b,k,k,n,n,p,w,o,l,h,v,p
e,f,y,c,f,n,f,w,n,w,e,b,f,s,w,n,p,w,o,e,w,v,l
p,x,y,g,f,f,f,c,b,p,e,b,k,k,p,b,p,w,o,l,h,y,g
e,k,y,c,f,n,f,w,n,w,e,b,s,f,w,n,p,w,o,e,w,v,l
p,x,s,w,t,f,f,c,b,w,t,b,s,f,w,w,p,w,o,p,h,s,u
e,k,y,c,f,n,f,w,n,w,e,b,f,s,w,n,p,w,o,e,w,v,l
p,x,y,g,f,f,f,c,b,g,e,b,k,k,n,n,p,w,o,l,h,v,d
e,f,f,n,f,n,f,w,n,w,e,b,s,f,w,n,p,w,o,e,w,v,l
p,f,y,y,f,f,f,c,b,g,e,b,k,k,p,b,p,w,o,l,h,y,p
e,x,y,c,f,n,f,w,n,w,e,b,f,f,w,n,p,w,o,e,w,v,l
p,x,s,b,t,f,f,c,b,h,t,b,f,s,w,w,p,w,o,p,h,v,u
e,f,y,c,f,n,f,w,n,w,e,b,s,f,w,n,p,w,o,e,w,v,l
p,f,f,y,f,f,f,c,b,h,e,b,k,k,n,p,p,w,o,l,h,y,d
e,k,f,c,f,n,f,w,n,w,e,b,f,f,w,n,p,w,o,e,w,v,l
p,x,y,y,f,f,f,c,b,h,e,b,k,k,b,n,p,w,o,l,h,v,g
e,k,f,n,f,n,f,w,n,w,e,b,f,f,w,n,p,w,o,e,w,v,l
p,f,s,w,t,f,f,c,b,w,t,b,f,f,w,w,p,w,o,p,h,s,g
e,k,f,n,f,n,f,w,n,w,e,b,s,s,w,n,p,w,o,e,w,v,l
p,f,s,w,t,f,f,c,b,h,t,b,f,s,w,w,p,w,o,p,h,v,g
e,x,f,c,f,n,f,w,n,w,e,b,s,s,w,n,p,w,o,e,w,v,l
p,f,s,g,t,f,f,c,b,w,t,b,f,s,w,w,p,w,o,p,h,v,g
e,x,y,n,f,n,f,w,n,w,e,b,s,f,w,n,p,w,o,e,w,v,l
p,f,y,y,f,f,f,c,b,g,e,b,k,k,n,p,p,w,o,l,h,v,p
e,x,y,c,f,n,f,w,n,w,e,b,f,s,w,n,p,w,o,e,w,v,l
p,x,s,w,t,f,f,c,b,h,t,b,s,s,w,w,p,w,o,p,h,v,u
e,f,f,n,f,n,f,w,n,w,e,b,f,f,w,n,p,w,o,e,w,v,l
p,f,s,g,t,f,f,c,b,p,t,b,f,s,w,w,p,w,o,p,h,v,u
e,x,f,c,f,n,f,w,n,w,e,b,f,f,w,n,p,w,o,e,w,v,l
p,f,s,g,t,f,f,c,b,w,t,b,s,s,w,w,p,w,o,p,h,v,u
e,f,y,c,f,n,f,w,n,w,e,b,s,s,w,n,p,w,o,e,w,v,l
p,f,s,w,t,f,f,c,b,h,t,b,s,s,w,w,p,w,o,p,h,s,g
e,x,f,c,f,n,f,w,n,w,e,b,f,s,w,n,p,w,o,e,w,v,l
p,x,s,g,t,f,f,c,b,h,t,b,f,s,w,w,p,w,o,p,h,v,u
e,k,f,n,f,n,f,w,n,w,e,b,s,f,w,n,p,w,o,e,w,v,l
p,x,s,w,t,f,f,c,b,p,t,b,f,s,w,w,p,w,o,p,h,v,u
e,k,y,c,f,n,f,w,n,w,e,b,s,s,w,n,p,w,o,e,w,v,l
p,b,s,p,t,n,f,c,b,r,e,b,s,s,w,w,p,w,t,p,r,v,m
e,x,y,c,f,n,f,w,n,w,e,b,s,s,w,n,p,w,o,e,w,v,l
p,x,s,w,t,f,f,c,b,w,t,b,s,s,w,w,p,w,o,p,h,s,u
e,f,y,n,f,n,f,w,n,w,e,b,f,s,w,n,p,w,o,e,w,v,l
p,f,s,g,t,f,f,c,b,p,t,b,s,s,w,w,p,w,o,p,h,s,u
e,x,y,c,f,n,f,w,n,w,e,b,s,f,w,n,p,w,o,e,w,v,l
p,f,s,w,t,n,f,c,b,r,e,b,s,s,w,w,p,w,t,p,r,v,m
e,k,y,n,f,n,f,w,n,w,e,b,s,f,w,n,p,w,o,e,w,v,l
p,f,s,g,t,f,f,c,b,p,t,b,f,s,w,w,p,w,o,p,h,v,g
e,x,f,c,f,n,f,w,n,w,e,b,s,f,w,n,p,w,o,e,w,v,l
p,f,s,w,t,f,f,c,b,h,t,b,f,s,w,w,p,w,o,p,h,v,u
e,x,y,n,f,n,f,w,n,w,e,b,s,s,w,n,p,w,o,e,w,v,l
p,f,y,y,f,f,f,c,b,g,e,b,k,k,p,n,p,w,o,l,h,v,d
e,k,f,n,f,n,f,w,n,w,e,b,f,s,w,n,p,w,o,e,w,v,l
p,f,y,y,f,f,f,c,b,p,e,b,k,k,b,b,p,w,o,l,h,y,g
e,k,y,c,f,n,f,w,n,w,e,b,f,f,w,n,p,w,o,e,w,v,l
p,x,f,g,f,f,f,c,b,p,e,b,k,k,p,p,p,w,o,l,h,y,p
e,k,f,c,f,n,f,w,n,w,e,b,s,s,w,n,p,w,o,e,w,v,l
